{
  "\n": 21,
  "\r": 20,
  " ": 0,
  "!": 39,
  "\"": 28,
  "&": 75,
  "'": 31,
  "(": 70,
  ")": 71,
  ",": 17,
  "-": 36,
  ".": 22,
  "0": 64,
  "1": 58,
  "2": 59,
  "3": 63,
  "4": 66,
  "5": 65,
  "6": 74,
  "7": 67,
  "8": 73,
  "9": 72,
  ":": 68,
  ";": 69,
  "?": 46,
  "A": 32,
  "B": 40,
  "C": 43,
  "D": 41,
  "E": 47,
  "F": 56,
  "G": 49,
  "H": 30,
  "I": 26,
  "J": 51,
  "K": 62,
  "L": 38,
  "M": 35,
  "N": 48,
  "O": 45,
  "P": 50,
  "Q": 60,
  "R": 42,
  "S": 34,
  "T": 29,
  "U": 57,
  "V": 53,
  "W": 33,
  "X": 77,
  "Y": 54,
  "Z": 76,
  "a": 3,
  "b": 24,
  "c": 16,
  "d": 10,
  "e": 1,
  "f": 15,
  "g": 19,
  "h": 6,
  "i": 8,
  "j": 52,
  "k": 25,
  "l": 11,
  "m": 14,
  "n": 5,
  "o": 4,
  "p": 23,
  "q": 44,
  "r": 9,
  "s": 7,
  "t": 2,
  "u": 12,
  "v": 27,
  "w": 13,
  "x": 37,
  "y": 18,
  "z": 55,
  "\u2026": 61
}